adding-custom-a-records-to-an-avi-dns-virtual-service,Adding Custom A Records to an Avi DNS Virtual Service,2017-01-31 01:56:52,https://kbstage.avinetworks.com/?p=23022
an-error-occurred-while-handling-task-sync_item-it-is-gonna-be-retried-61,An error occurred while handling task sync_item. It is gonna be retried.,2017-02-07 14:52:28,https://kbstage.avinetworks.com/?post_type=algolia_log&p=24060
api-getting-started-with-postman,API : Getting Started with Postman,2017-02-07 19:45:54,https://kbstage.avinetworks.com/?p=24089
api-guide,API Guide,2017-01-19 23:52:29,https://kbstage.avinetworks.com/?page_id=11115
application-blue-green-and-ab-testing-in-openshift,Application Blue-Green and A/B Testing in OpenShift,2017-01-23 19:43:16,https://kbstage.avinetworks.com/?p=23234
source-ip-for-openshift-project-identification,Authorized Source IP for OpenShift Project Identification,2017-01-27 06:04:02,https://kbstage.avinetworks.com/?p=23191
,Auto Draft,2017-01-17 17:36:08,https://kbstage.avinetworks.com/?p=22599
avi-deployment-guide-for-google-cloud-platform-gcp,Avi Deployment Guide for Google Cloud Platform (GCP),2017-02-02 18:57:58,https://kbstage.avinetworks.com/?p=23738
avi-dns-architecture,Avi DNS Architecture and Features,2017-02-06 21:09:18,https://kbstage.avinetworks.com/?p=15908
gslb-architecture-and-object-model,Avi GSLB Architecture and Object Model,2017-02-02 23:06:13,https://kbstage.avinetworks.com/?p=21619
avi-gslb-overview,Avi GSLB Overview,2017-02-02 22:20:15,https://kbstage.avinetworks.com/?p=21302
avi-gslb-service-and-health-monitors,Avi GSLB Service Health Monitors,2017-02-02 22:56:08,https://kbstage.avinetworks.com/?p=16292
avi-gslb-site-configuration-and-operations,Avi GSLB Site Configuration and Operations,2017-02-02 22:31:01,https://kbstage.avinetworks.com/?p=16283
avi-lbaas-driver-install-instructions-for-contrail,Avi LBaaS Driver Install Instructions for Contrail,2017-01-27 06:50:20,https://kbstage.avinetworks.com/?p=23354
avi-networks-eula,Avi Networks End User License Agreement (EULA),2017-01-17 19:04:21,https://kbstage.avinetworks.com/?p=10079
avi-service-engine-group-options,Avi Service Engine Group Options,2017-01-17 22:23:12,http://kb.avinetworks.com/?p=9658
avi-vantage-16-3-3-release-notes,Avi Vantage 16.3.3 Release Notes,2017-01-31 19:08:16,https://kbstage.avinetworks.com/?p=21393
avi-vantage-16-3-4-release-notes,Avi Vantage 16.3.4 Release Notes,2017-01-31 19:07:09,https://kbstage.avinetworks.com/?p=22541
avi-vantage-16-3-5-release-notes,Avi Vantage 16.3.5 Release Notes,2017-02-07 17:58:02,https://kbstage.avinetworks.com/?p=23829
avi-vantage-and-openstack-heat,Avi Vantage and OpenStack Heat,2017-02-02 21:59:18,https://kbstage.avinetworks.com/?p=22093
avi-vantage-release-notes,Avi Vantage Release Notes,2017-02-06 17:59:02,https://kbstage.avinetworks.com/?p=11181
avi-vantage-devstack-support,Avi Vantage Support for DevStack,2017-01-30 05:14:15,http://kb.avinetworks.com/?p=8551
backup-and-restore-of-avi-vantage-configuration,Backup and Restore of Avi Vantage Configuration,2017-01-25 02:53:20,https://stage.kb.avinetworks.com/?p=9955
bgp-support-for-virtual-services,BGP Support for Scaling Virtual Services,2017-02-06 23:15:50,http://kb.avinetworks.com/?p=5789
changing-vip-of-a-local-vs-member-of-a-gslb-pool,Changing VIP of a Local VS Member of a GSLB Pool,2017-01-21 05:17:30,https://kbstage.avinetworks.com/?p=23084
cloud-foundry-load-balancing-and-application-analytics-with-avi-vantage,Cloud Foundry Load Balancing and Application Analytics with Avi Vantage,2017-01-24 02:52:12,https://kbstage.avinetworks.com/?p=23427
configuring-ansible-for-avi-vantage,Configuring Ansible for Avi Vantage,2017-01-31 18:25:16,https://kbstage.avinetworks.com/?p=12954
copy-for-revision-installing-avi-vantage-in-amazon-web-services-16-2,Copy for revision: Installing Avi Vantage in Amazon Web Services (16.2+),2017-02-07 06:04:52,https://kbstage.avinetworks.com/?p=23924
create-virtual-service,Create a Virtual Service,2017-01-17 22:27:36,http://kb.avinetworks.com/?page_id=2049
custom-persistence,Custom Persistence,2017-01-19 00:39:34,https://kbstage.avinetworks.com/?p=22500
datascript-avi-vs-log,DataScript: avi.vs.log,2017-01-25 00:09:30,http://kb.avinetworks.com/?p=576
default-gateway-ip-routing-on-avi-se,Default Gateway (IP Routing on Avi SE),2017-01-18 19:12:16,https://kbstage.avinetworks.com/?p=17966
8551-autosave-v1,DevStack Support for Avi Controller,2017-01-18 18:59:04,https://kbstage.avinetworks.com/8551-autosave-v1/
enable-a-virtual-service-vip-on-all-interfaces,Enable a Virtual Service VIP on All Interfaces,2017-01-20 23:39:02,https://kbstage.avinetworks.com/?p=22787
external-health-monitor,External Health Monitor,2017-02-06 21:29:47,http://kb.avinetworks.com/?p=9151
geo-location-and-ip-acl,Geo Location and IP ACL,2017-01-19 00:47:17,https://kbstage.avinetworks.com/?p=22435
http-request-policy,HTTP Request Policy,2017-01-21 00:12:25,http://kb.avinetworks.com/?p=1141
http-response-policy,HTTP Response Policy,2017-01-21 00:14:36,http://kb.avinetworks.com/?p=1143
http-security-policy,HTTP Security Policy,2017-01-21 00:20:59,http://kb.avinetworks.com/?p=1137
installation-guides,Installation Guides,2017-02-02 23:14:06,http://kb.avinetworks.com/?page_id=7504
installing-avi-vantage-for-a-linux-server-cloud-16-3,Installing Avi Vantage for a Linux Server Cloud (16.3),2017-02-07 19:04:58,https://kbstage.avinetworks.com/?p=17765
installing-avi-vantage-for-csp-2100,Installing Avi Vantage for Cisco CSP-2100,2017-02-06 23:04:31,http://kb.avinetworks.com/?p=8585
installing-avi-vantage-for-local-development-using-docker-on-mac,Installing Avi Vantage for Local Development Using Docker on Mac,2017-01-20 23:57:27,https://kbstage.avinetworks.com/?p=23042
installing-avi-vantage-for-openstack-16-3,Installing Avi Vantage for OpenStack (16.3),2017-02-07 19:39:20,https://kbstage.avinetworks.com/?p=18052
installing-avi-vantage-for-vmware-vcenter-16-3,Installing Avi Vantage for VMware vCenter (16.3),2017-02-07 19:11:18,https://kbstage.avinetworks.com/?p=12577
avi-vantage-openshift-installation-guide,Installing Avi Vantage in OpenShift/Kubernetes,2017-02-06 19:17:40,https://kbstage.avinetworks.com/?p=11572
juniper-contrail-integration-with-avi-networks,Juniper Contrail Integration with Avi Networks,2017-01-27 19:10:29,https://kbstage.avinetworks.com/?p=23381
keystone-authentication,Keystone Authentication,2017-01-19 18:23:37,https://kbstage.avinetworks.com/?p=13660
legacy-ha-for-avi-service-engines,Legacy HA for Avi Service Engines,2017-01-18 19:21:14,http://kb.avinetworks.com/?p=7845
how-to-tie-a-system-to-a-specific-update,Locking a Linux System to a Specific OS Version,2017-01-19 02:25:07,https://kbstage.avinetworks.com/?p=22469
manually-deploy-service-engines-in-non-default-tenantcloud,Manually Deploy Service Engines in Non-Default Tenant/Cloud,2017-02-06 21:43:12,https://kbstage.avinetworks.com/?p=16060
network-reachability,Network Reachability,2017-01-17 22:01:58,http://kb.aviplayground.com/?p=490
openshift-service-account-for-avi-vantage-authentication,OpenShift Service Account for Avi Vantage Authentication,2017-01-23 19:47:54,https://kbstage.avinetworks.com/?p=23265
avi-nsx-topo2,Parallel to DLR using VXLAN or VLANs with Avi Vantage for East-West Load Balancing,2017-01-18 18:26:24,https://kbstage.avinetworks.com/?p=22697
avi-nsx-topo4,Parallel to NSX Edge Using Avi Vantage for North-South and East-West Load Balancing,2017-01-18 18:28:32,https://kbstage.avinetworks.com/?p=22775
avi-nsx-topo1,Parallel to NSX Edge Using Avi Vantage for North-South Load Balancing,2017-01-18 18:25:52,https://kbstage.avinetworks.com/?p=22646
avi-nsx-topo3,Parallel to NSX Edge Using VXLAN Overlays with Avi Vantage for both North-South and East-West Load Balancing Using Transit-Net,2017-01-18 02:02:01,https://kbstage.avinetworks.com/?p=22724
preserve-client-ip,Preserve Client IP,2017-01-27 02:19:05,https://kbstage.avinetworks.com/?p=18009
service-discovery-using-ipam-and-dns-16-3,Service Discovery Using IPAM and DNS (16.3+),2017-01-26 21:48:00,https://kbstage.avinetworks.com/?p=16467
service-engine-failure-detection,Service Engine Failure Detection,2017-01-18 21:54:47,https://kbstage.avinetworks.com/?p=22357
sizing-service-engines,Sizing Service Engines,2017-01-20 19:18:20,http://kb.aviplayground.com/?p=498
snmp-support-in-avi-vantage,SNMP Support in Avi Vantage,2017-02-06 19:42:00,http://kb.avinetworks.com/?p=8349
ssl-certificates,SSL Certificates,2017-02-06 22:04:53,http://kb.avinetworks.com/?p=7785
ssl-performance,SSL Performance,2017-01-25 00:17:38,http://kb.avinetworks.com/?p=7752
system-requirements-ecosystem,System Requirements: Ecosystem,2017-02-07 19:05:48,https://kbstage.avinetworks.com/?p=11493
task-sync_item-was-deleted-after-3-attempts-to-process-it-21,Task sync_item was deleted after 3 attempts to process it.,2017-02-07 14:52:40,https://kbstage.avinetworks.com/?post_type=algolia_log&p=24063
avi-nsx-topo5,Top of DLR with Avi Vantage for no SNAT for Web Tier,2017-01-18 02:10:20,https://kbstage.avinetworks.com/?p=22843
upgrading-the-vantage-software,Upgrading the Avi Vantage Software,2017-02-06 22:19:44,http://kb.avinetworks.com/?p=5823
vs-policies,Virtual Service Policies,2017-01-21 00:19:29,http://kb.avinetworks.com/?page_id=985
vmware-nsx-v-and-avi-vantage-design-guide,VMware NSX-V and Avi Vantage Design Guide,2017-01-24 18:37:51,https://kbstage.avinetworks.com/?p=22608
,VMware® NSXTM for vSphere® (NSX-V) and Avi Vantage® Design Guide,2017-01-17 17:39:09,https://kbstage.avinetworks.com/?p=22602
vrealize-orchestrator-integration,vRealize Orchestrator Integration,2017-02-04 00:27:02,https://kbstage.avinetworks.com/?p=23850
